[
{
"__metadata":{
"uri":"http://services.odata.org/V2/OData/OData.svc/Products(0)",
"type":"ODataDemo.Product"
},
"ID":0,
"Name":"Bread",
"Description":"Whole grain bread",
"ReleaseDate":"\/Date(694224000000)\/",
"DiscontinuedDate":null,
"Rating":4,
"Price":"2.5",
"Category":{
"__deferred":{
"uri":"http://services.odata.org/V2/OData/OData.svc/Products(0)/Category"
}
},
"Supplier":{
"__deferred":{
"uri":"http://services.odata.org/V2/OData/OData.svc/Products(0)/Supplier"
}
}
},
{
"__metadata":{
"uri":"http://services.odata.org/V2/OData/OData.svc/Products(1)",
"type":"ODataDemo.Product"
},
"ID":1,
"Name":"Milk",
"Description":"Low fat milk",
"ReleaseDate":"\/Date(812505600000)\/",
"DiscontinuedDate":null,
"Rating":3,
"Price":"3.5",
"Category":{
"__deferred":{
"uri":"http://services.odata.org/V2/OData/OData.svc/Products(1)/Category"
}
},
"Supplier":{
"__deferred":{
"uri":"http://services.odata.org/V2/OData/OData.svc/Products(1)/Supplier"
}
}
},
{
"__metadata":{
"uri":"http://services.odata.org/V2/OData/OData.svc/Products(2)",
"type":"ODataDemo.Product"
},
"ID":2,
"Name":"Vint soda",
"Description":"Americana Variety - Mix of 6 flavors",
"ReleaseDate":"\/Date(970358400000)\/",
"DiscontinuedDate":null,
"Rating":3,
"Price":"20.9",
"Category":{
"__deferred":{
"uri":"http://services.odata.org/V2/OData/OData.svc/Products(2)/Category"
}
},
"Supplier":{
"__deferred":{
"uri":"http://services.odata.org/V2/OData/OData.svc/Products(2)/Supplier"
}
}
},
{
"__metadata":{
"uri":"http://services.odata.org/V2/OData/OData.svc/Products(3)",
"type":"ODataDemo.Product"
},
"ID":3,
"Name":"Havina Cola",
"Description":"The Original Key Lime Cola",
"ReleaseDate":"\/Date(1128124800000)\/",
"DiscontinuedDate":"\/Date(1159660800000)\/",
"Rating":3,
"Price":"19.9",
"Category":{
"__deferred":{
"uri":"http://services.odata.org/V2/OData/OData.svc/Products(3)/Category"
}
},
"Supplier":{
"__deferred":{
"uri":"http://services.odata.org/V2/OData/OData.svc/Products(3)/Supplier"
}
}
},
{
"__metadata":{
"uri":"http://services.odata.org/V2/OData/OData.svc/Products(4)",
"type":"ODataDemo.Product"
},
"ID":4,
"Name":"Fruit Punch",
"Description":"Mango flavor, 8.3 Ounce Cans (Pack of 24)",
"ReleaseDate":"\/Date(1041724800000)\/",
"DiscontinuedDate":null,
"Rating":3,
"Price":"22.99",
"Category":{
"__deferred":{
"uri":"http://services.odata.org/V2/OData/OData.svc/Products(4)/Category"
}
},
"Supplier":{
"__deferred":{
"uri":"http://services.odata.org/V2/OData/OData.svc/Products(4)/Supplier"
}
}
},
{
"__metadata":{
"uri":"http://services.odata.org/V2/OData/OData.svc/Products(5)",
"type":"ODataDemo.Product"
},
"ID":5,
"Name":"Cranberry Juice",
"Description":"16-Ounce Plastic Bottles (Pack of 12)",
"ReleaseDate":"\/Date(1154649600000)\/",
"DiscontinuedDate":null,
"Rating":3,
"Price":"22.8",
"Category":{
"__deferred":{
"uri":"http://services.odata.org/V2/OData/OData.svc/Products(5)/Category"
}
},
"Supplier":{
"__deferred":{
"uri":"http://services.odata.org/V2/OData/OData.svc/Products(5)/Supplier"
}
}
},
{
"__metadata":{
"uri":"http://services.odata.org/V2/OData/OData.svc/Products(6)",
"type":"ODataDemo.Product"
},
"ID":6,
"Name":"Pink Lemonade",
"Description":"36 Ounce Cans (Pack of 3)",
"ReleaseDate":"\/Date(1162684800000)\/",
"DiscontinuedDate":null,
"Rating":3,
"Price":"18.8",
"Category":{
"__deferred":{
"uri":"http://services.odata.org/V2/OData/OData.svc/Products(6)/Category"
}
},
"Supplier":{
"__deferred":{
"uri":"http://services.odata.org/V2/OData/OData.svc/Products(6)/Supplier"
}
}
},
{
"__metadata":{
"uri":"http://services.odata.org/V2/OData/OData.svc/Products(7)",
"type":"ODataDemo.Product"
},
"ID":7,
"Name":"DVD Player",
"Description":"1080P Upconversion DVD Player",
"ReleaseDate":"\/Date(1163548800000)\/",
"DiscontinuedDate":null,
"Rating":3,
"Price":"35.88",
"Category":{
"__deferred":{
"uri":"http://services.odata.org/V2/OData/OData.svc/Products(7)/Category"
}
},
"Supplier":{
"__deferred":{
"uri":"http://services.odata.org/V2/OData/OData.svc/Products(7)/Supplier"
}
}
},
{
"__metadata":{
"uri":"http://services.odata.org/V2/OData/OData.svc/Products(8)",
"type":"ODataDemo.Product"
},
"ID":8,
"Name":"LCD HDTV",
"Description":"42 inch 1080p LCD with Built-in Blu-ray Disc Player",
"ReleaseDate":"\/Date(1210204800000)\/",
"DiscontinuedDate":null,
"Rating":3,
"Price":"1088.8",
"Category":{
"__deferred":{
"uri":"http://services.odata.org/V2/OData/OData.svc/Products(8)/Category"
}
},
"Supplier":{
"__deferred":{
"uri":"http://services.odata.org/V2/OData/OData.svc/Products(8)/Supplier"
}
}
}
]